label,log_file,log_path,descent_index,descent_id,cache_path,samples,start_t_s,end_t_s,duration_s,start_altitude_m,minimum_altitude_m,altitude_drop_m,max_descent_rate_mps,mean_airspeed_mps,altitude_source,aoa_logged_fraction,sideslip_logged_fraction,aoa_derived_wind_corrected_fraction
expert,00000045.BIN,/home/dronie/ardupilot_parse/data/landings/expert/00000045.BIN,0,00000045__descent_000,data/landing_cache/expert/00000045__descent_000.csv.gz,1413,3675.5713530000003,3746.171353,70.59999999999991,92.78568267822266,0.05946587026119232,92.72621680796146,5.10810852051236,20.308772088615758,POS.RelHomeAlt,1.0,1.0,1.0
expert,00000047.BIN,/home/dronie/ardupilot_parse/data/landings/expert/00000047.BIN,0,00000047__descent_000,data/landing_cache/expert/00000047__descent_000.csv.gz,1423,1175.721906,1246.8219060000001,71.10000000000014,103.36499786376953,2.6992390155792236,100.66575884819031,6.973571777334428,18.678126929431254,POS.RelHomeAlt,1.0,1.0,1.0
expert,00000048.BIN,/home/dronie/ardupilot_parse/data/landings/expert/00000048.BIN,0,00000048__descent_000,data/landing_cache/expert/00000048__descent_000.csv.gz,1069,3572.753697,3626.153697,53.40000000000009,109.77159881591797,-6.078541278839111,115.85014009475708,6.657752990728454,20.698034514658243,POS.RelHomeAlt,1.0,1.0,1.0
expert,00000049.BIN,/home/dronie/ardupilot_parse/data/landings/expert/00000049.BIN,0,00000049__descent_000,data/landing_cache/expert/00000049__descent_000.csv.gz,1315,1613.221552,1678.921552,65.70000000000005,108.21095275878906,-0.4677913188934326,108.6787440776825,6.071414947515336,19.12273804932946,POS.RelHomeAlt,1.0,1.0,1.0
expert,00000050.BIN,/home/dronie/ardupilot_parse/data/landings/expert/00000050.BIN,0,00000050__descent_000,data/landing_cache/expert/00000050__descent_000.csv.gz,1232,3870.302498,3931.852498,61.55000000000018,106.61109924316406,-1.1011368036270142,107.71223604679108,6.067981719976501,19.80186937154307,POS.RelHomeAlt,1.0,1.0,1.0
expert,00000051.BIN,/home/dronie/ardupilot_parse/data/landings/expert/00000051.BIN,0,00000051__descent_000,data/landing_cache/expert/00000051__descent_000.csv.gz,1378,3743.7209820000003,3812.570982,68.84999999999991,102.2779312133789,-2.5127389430999756,104.79067015647888,6.414952278143261,19.081552270880977,POS.RelHomeAlt,1.0,1.0,1.0
expert,00000052.BIN,/home/dronie/ardupilot_parse/data/landings/expert/00000052.BIN,0,00000052__descent_000,data/landing_cache/expert/00000052__descent_000.csv.gz,1537,1786.3523830000001,1863.152383,76.79999999999995,91.16126251220703,-2.330226421356201,93.49148893356323,6.0863876342691015,18.821468279114697,POS.RelHomeAlt,1.0,1.0,1.0
expert,00000053.BIN,/home/dronie/ardupilot_parse/data/landings/expert/00000053.BIN,0,00000053__descent_000,data/landing_cache/expert/00000053__descent_000.csv.gz,1067,4925.271263,4978.571263,53.30000000000018,105.32603454589844,0.7199340462684631,104.60610049962997,6.877517700233398,19.862217743204596,POS.RelHomeAlt,1.0,1.0,1.0
expert,00000054.BIN,/home/dronie/ardupilot_parse/data/landings/expert/00000054.BIN,0,00000054__descent_000,data/landing_cache/expert/00000054__descent_000.csv.gz,1206,2989.4711279999997,3049.7211279999997,60.25,76.86470794677734,1.0941152572631836,75.77059268951416,5.111198425274438,18.10462212231424,POS.RelHomeAlt,1.0,1.0,1.0
expert,00000055.BIN,/home/dronie/ardupilot_parse/data/landings/expert/00000055.BIN,0,00000055__descent_000,data/landing_cache/expert/00000055__descent_000.csv.gz,1039,3030.8523500000006,3082.75235,51.899999999999636,106.6727066040039,-1.9336453676223755,108.60635197162628,5.809783935552332,20.007796909398362,POS.RelHomeAlt,1.0,1.0,1.0
fail,00000007.BIN,/home/dronie/ardupilot_parse/data/landings/fail/00000007.BIN,0,00000007__descent_000,data/landing_cache/fail/00000007__descent_000.csv.gz,1776,5929.451875000001,6018.201875000001,88.75,102.01797485351562,-7.93436861038208,109.9523434638977,5.899441242196559,21.265953609266795,POS.RelHomeAlt,1.0,1.0,0.0
fail,0000184.BIN,/home/dronie/ardupilot_parse/data/landings/fail/0000184.BIN,0,0000184__descent_000,data/landing_cache/fail/0000184__descent_000.csv.gz,1299,3687.651999,3752.5519990000003,64.90000000000009,103.52668762207031,1.2961963415145874,102.23049128055573,6.125802993780013,21.02862043246294,POS.RelHomeAlt,1.0,1.0,1.0
