altitude_bin_lower_m,altitude_bin_upper_m,altitude_bin_center_m,variable,n_landings,total_samples,mean,std_between_landings,median,q05,q25,q75,q95,min_landing_mean,max_landing_mean,mean_of_landing_medians
0.0,5.0,2.5,airspeed_mps,4,672,14.170159594404234,6.700616666428773,14.340596308657128,6.984086421901286,11.52483381654118,16.985922086520183,21.11762136695313,5.8488995732413125,22.150546187061373,13.172439098358154
0.0,5.0,2.5,aoa_deg,4,672,-0.11170826758060137,8.734291691755406,3.8146186770367105,-10.679068970487581,-0.6973014392080787,4.400211848664188,4.95879471286214,-13.174510853307456,5.098440428911629,-0.5950927138328552
0.0,5.0,2.5,descent_rate_mps,4,672,0.7716120646445542,0.6139744378074469,0.49323307974636815,0.4198183129738738,0.4611098403756236,0.8037353040152988,1.5131363951726948,0.40949543112343634,1.6904866679620445,0.571017786864014
0.0,5.0,2.5,groundspeed_mps,4,672,13.249496606211846,6.233120262983267,13.776356973926706,6.3239271163486634,10.741108845144085,16.284744734994465,19.437461581274224,5.219631684149808,20.225640792844164,12.14707731431757
0.0,5.0,2.5,p_radps,4,672,0.001904198032656331,0.005841586454106933,0.003881059853243122,-0.0051233632928274,0.00097611296687163,0.004809144919027823,0.006164152809318554,-0.006648232357752158,0.006502904781891238,0.008893423928384412
0.0,5.0,2.5,pilot_pitch_centered,4,672,-0.18235916331064028,0.12270163230732928,-0.17815900458738226,-0.3148554866328848,-0.23380285689323785,-0.12671531100478473,-0.05574306220095698,-0.33511864406779657,-0.038,-0.08499999999999999
0.0,5.0,2.5,pilot_roll_centered,4,672,0.024167146437408634,0.015709315922166355,0.027569833675096838,0.005730030005676751,0.019565404265671885,0.03217157584683358,0.03784050073637703,0.002271186440677966,0.03925773195876289,0.0215
0.0,5.0,2.5,pilot_throttle_norm,4,672,0.011314927380282551,0.007555607939371494,0.014747570660484391,0.0021592521404857597,0.010728464092259304,0.015334033948507637,0.01566490202779677,1.694915254237288e-05,0.015747619047619052,0.01125
0.0,5.0,2.5,pitch_deg,4,672,-2.1250578551863213,8.698978338744395,1.7933834672393916,-12.680525787581601,-2.924740884682525,2.593066496735595,2.9445922258129613,-15.119472013306371,3.032473658082303,-2.8023674845695496
0.0,5.0,2.5,q_radps,4,672,0.010244079157070832,0.005758744001847869,0.011621902648477485,0.0035062704868003168,0.009178388329046331,0.012687593476501984,0.015052934939372029,0.002088241026238813,0.015644270305089542,0.005988369945043826
0.0,5.0,2.5,roll_deg,4,672,0.14085888672019312,0.2110397274212823,0.07598197159784663,-0.019603442273571747,-0.00827818092791991,0.22511903924595966,0.39214889688524296,-0.022434757609984705,0.43390636129506394,0.12896590690128507
0.0,5.0,2.5,sideslip_deg,4,672,11.889754119913828,12.307685158887393,9.842232057221588,0.6282050903160444,6.430195235899824,15.301790941235595,26.017834037280743,-0.8222924460799007,28.69684481129204,13.454274848103523
0.0,5.0,2.5,throttle_output,4,672,1.041234534170668,2.082469068341336,0.0,0.0,0.0,1.041234534170668,3.5401974161802694,0.0,4.164938136682672,0.0
5.0,10.0,7.5,airspeed_mps,4,181,22.895708284290155,0.2646226905930461,22.957828058515275,22.585575869424,22.780289799826487,23.073246542978946,23.11887301524114,22.53689738682338,23.13027963330669,23.17297601699829
5.0,10.0,7.5,aoa_deg,4,181,3.3756778877466385,0.8868875011880716,3.1647545428624113,2.6301522038542493,2.9790401126049,3.5613923180041502,4.416496254476946,2.5429302266665865,4.630272238595145,3.5285841822624207
5.0,10.0,7.5,descent_rate_mps,4,181,2.2936371472261254,0.6061704921136702,2.376340856357664,1.6282446001450466,1.927329725619367,2.742648277964422,2.843244501523051,1.5534733187764664,2.868393557412708,2.7223032712948347
5.0,10.0,7.5,groundspeed_mps,4,181,21.19854809251221,0.8763590441413039,20.836283194121165,20.638257469235487,20.64818613827394,21.386645148359438,22.266009573536397,20.635775301975873,22.485850679830637,21.421280105610798
5.0,10.0,7.5,p_radps,4,181,-3.1125075689918645e-05,0.017859385865477095,0.001083141038335658,-0.01963893408648318,-0.007939993927899118,0.008992009890544855,0.01801671137546753,-0.022563669126129195,0.020272886746698204,0.003655846696346986
5.0,10.0,7.5,pilot_pitch_centered,4,181,-0.012590059249506257,0.023234412786140843,-0.0114,-0.03534497695852535,-0.03040230414746544,0.006412244897959184,0.00849877551020408,-0.03658064516129033,0.009020408163265306,0.0045000000000000005
5.0,10.0,7.5,pilot_roll_centered,4,181,0.01969358130348914,0.012191372825204251,0.023591244239631336,0.005014516129032258,0.01707258064516129,0.026212244897959185,0.028915918367346936,0.002,0.029591836734693875,0.020749999999999998
5.0,10.0,7.5,pilot_throttle_norm,4,181,0.011233772218564846,0.007527517158349204,0.014569585253456223,0.0020951612903225814,0.010475806451612904,0.015327551020408163,0.015702244897959183,0.0,0.01579591836734694,0.01125
5.0,10.0,7.5,pitch_deg,4,181,-1.7360661925331549,1.3003889124888657,-1.7834818764493172,-3.068472540473938,-2.2374162934167043,-1.2821317755657677,-0.3372778871097448,-3.2762366022382463,-0.10106441499573843,-2.3996092000603677
5.0,10.0,7.5,q_radps,4,181,-0.025778456053597486,0.0252129554861684,-0.021883947316931954,-0.054696153468669115,-0.034179198755163794,-0.013483204615365646,-0.002313070869857604,-0.05982539214704545,0.0004794625665194149,-0.0302129597694147
5.0,10.0,7.5,roll_deg,4,181,0.783766249744148,0.7302714680443594,1.0484497150925551,-0.1000647861632917,0.6596760691835412,1.1725398956531619,1.2970404341638178,-0.29,1.328165568791482,0.7311074769496918
5.0,10.0,7.5,sideslip_deg,4,181,1.8355029654614947,1.9936945797840402,1.8999695494204485,-0.314974056482315,0.9946141762392862,2.7408583386426573,3.8957267698627684,-0.6423711146627153,4.184443877667797,2.143200099468231
5.0,10.0,7.5,throttle_output,4,181,2.6664126356213873,2.2296954633344814,1.8582848477473455,1.0913960802417746,1.3277896633483297,3.196907820020403,5.372808094024657,1.032297684465136,5.916783162525722,0.0
10.0,15.0,12.5,airspeed_mps,4,146,24.179235360915204,1.0886393020333032,23.96745908636796,23.22309544722239,23.43477820555369,24.71191624172947,25.43186205897415,23.17017475763957,25.61184851328532,24.348963260650635
10.0,15.0,12.5,aoa_deg,4,146,2.91925630885034,1.5251436349115544,2.9143035672212902,1.350099934382098,1.9446374665413584,3.888922409530272,4.4953465215992505,1.201465551342283,4.646952549616496,3.039445400238037
10.0,15.0,12.5,descent_rate_mps,4,146,2.7750257635572946,0.41315484836324384,2.7189940353579107,2.3829029670037944,2.5554829761198916,2.938536822795314,3.2455929795899325,2.3397579647247704,3.3223570187885874,2.77822256088192
10.0,15.0,12.5,groundspeed_mps,4,146,21.83162910747977,0.9496972674159392,21.794450777595387,20.863976078541246,21.2701746536054,22.355905231469755,22.85133179825643,20.762426434775207,22.9751884399531,21.787861126719264
10.0,15.0,12.5,p_radps,4,146,-0.018590704664864455,0.008791091606432211,-0.017063191577873345,-0.028665238518775102,-0.020677162602286046,-0.014976733640451753,-0.010654689132741363,-0.030662257497897364,-0.009574178005813762,-0.012953537749126512
10.0,15.0,12.5,pilot_pitch_centered,4,146,0.004386382623224729,0.0030241036497916486,0.0031111111111111114,0.0025142857142857146,0.0028571428571428576,0.004640350877192984,0.008043859649122808,0.002428571428571429,0.008894736842105266,0.004
10.0,15.0,12.5,pilot_roll_centered,4,146,0.020753613199665833,0.012789100945568191,0.025961904761904766,0.005342460317460319,0.0198234126984127,0.026892105263157898,0.028873157894736844,0.0017222222222222224,0.029368421052631582,0.020999999999999998
10.0,15.0,12.5,pilot_throttle_norm,4,146,0.011353811612364244,0.007578642862012883,0.014759523809523813,0.0021664682539682544,0.01072123015873016,0.015392105263157898,0.015773157894736843,2.777777777777778e-05,0.01586842105263158,0.01125
10.0,15.0,12.5,pitch_deg,4,146,-3.5637516893499974,1.802032588834958,-3.369010081864837,-5.531184762631144,-4.642421882918903,-2.290339888295932,-1.8689568665480754,-5.753375482559204,-1.7636111111111108,-3.5578239607810973
10.0,15.0,12.5,q_radps,4,146,-0.009243898087077282,0.02331847980489748,-0.004272095362345383,-0.03606268412561065,-0.021055649136403752,0.007539655686981086,0.01061436413683143,-0.03981444287291238,0.011383041249294018,-0.00847362646891271
10.0,15.0,12.5,roll_deg,4,146,0.8695219990106591,0.29381558562082954,0.8871878922753559,0.5840475793582283,0.641349007902253,1.115360883383762,1.1302641680925143,0.5697222222222221,1.1339899892697023,0.8651929599046707
10.0,15.0,12.5,sideslip_deg,4,146,0.8079019422473662,2.0488580276923685,0.825263023440187,-1.0152518508862705,-0.9300758530851454,2.5632408187726985,2.606750221711054,-1.0365458503365517,2.6176275724456426,0.746640682220459
10.0,15.0,12.5,throttle_output,4,146,0.7694094299473361,0.565577272790156,0.8154338727220458,0.16152630225010683,0.4193758923831141,1.1654674102862677,1.3128583377599714,0.097063904716855,1.3497060696283976,0.0
15.0,20.0,17.5,airspeed_mps,4,150,24.641427491987763,1.1922042174622711,24.725130396852926,23.386000064441138,23.853960054261343,25.512597834579346,25.77967085272316,23.269010066986084,25.846439107259116,24.852174997329712
15.0,20.0,17.5,aoa_deg,4,150,3.3505566030556135,0.972395741281382,3.300864881466305,2.413807065433603,2.6358727775211257,4.015548707000793,4.356874550902654,2.3582906374117223,4.4422060118781195,3.2783183455467224
15.0,20.0,17.5,descent_rate_mps,4,150,2.7533113504857036,0.5708007796277984,2.615899584157309,2.270725402340773,2.4068708607174325,2.9623400739255796,3.428273771490386,2.2366890377466078,3.544757195881588,2.804031968116359
15.0,20.0,17.5,groundspeed_mps,4,150,22.21725362504747,0.9859328591124136,22.31788965497241,21.11198513314223,21.830807318005384,22.704335962014497,23.181631675057783,20.93227958692644,23.300955603318606,22.25305433160036
15.0,20.0,17.5,p_radps,4,150,0.02107140948193645,0.023436192834863742,0.0210855028680473,-0.0036153946293758293,0.012085345853598637,0.03007156649638511,0.04573848285269353,-0.007540579750119446,0.049655211941770645,0.027640813990728916
15.0,20.0,17.5,pilot_pitch_centered,4,150,0.005016066589237322,0.0029989112759772098,0.003876984126984127,0.0029694444444444447,0.003069444444444445,0.005823606271777004,0.008657404181184667,0.002944444444444445,0.009365853658536585,0.0055000000000000005
15.0,20.0,17.5,pilot_roll_centered,4,150,0.020726664730933025,0.012950251425969617,0.025574603174603177,0.005056111111111112,0.018836111111111112,0.02746515679442509,0.029610104529616724,0.0016111111111111113,0.030146341463414633,0.020499999999999997
15.0,20.0,17.5,pilot_throttle_norm,4,150,0.011388942121564074,0.007637471977170795,0.014790079365079367,0.0021066666666666673,0.010533333333333336,0.015645688153310106,0.01590962543554007,0.0,0.01597560975609756,0.0115
15.0,20.0,17.5,pitch_deg,4,150,-3.431227828559318,1.2010416554318812,-3.4177233558077478,-4.709924626080417,-3.9562091643594286,-2.892742020007637,-2.171437292890417,-4.8983534915106635,-1.9911111111111113,-3.3657579612731934
15.0,20.0,17.5,q_radps,4,150,0.014988426567846415,0.021796686891674084,0.008029021175737647,-0.0012993379887553628,-0.0003972920839303282,0.023414739827514387,0.04101935867340045,-0.0015248494649616215,0.045420513384871984,0.011932971581700237
15.0,20.0,17.5,roll_deg,4,150,0.5683347772918801,0.9995905068687861,0.6359801933629725,-0.5180051190797794,0.2890293556066144,0.9152856150482381,1.5599710911640094,-0.7197637377513779,1.7211424601929528,0.7706252586841584
15.0,20.0,17.5,sideslip_deg,4,150,-0.22952160668849436,2.6131931233249026,0.15439184971878106,-3.0985275185533934,-1.8213003288422311,1.7461705718725178,2.1020054662062186,-3.417834315981184,2.190964189789644,0.018087878823280334
15.0,20.0,17.5,throttle_output,4,150,1.692535504852207,2.1641285812959454,1.0107538378658658,0.05008354385693869,0.2504177192846934,2.452871623433379,4.289481799628352,0.0,4.748634343677097,0.0
20.0,25.0,22.5,airspeed_mps,4,110,23.755157683834888,0.43021858965956505,23.7245023449262,23.378085339069365,23.392102777957916,24.08755725080317,24.175147503072566,23.37458097934723,24.197045066139914,23.775684595108032
20.0,25.0,22.5,aoa_deg,4,110,3.4898280878127976,1.2533033850062747,4.038087132302198,1.975303631834686,3.40754263009876,4.120372590016235,4.236789881505749,1.6172438822686672,4.265894204378128,3.418625071644783
20.0,25.0,22.5,descent_rate_mps,4,110,3.7864251638004562,0.7968172061656313,3.639589250087699,3.123122557998503,3.1365209072833773,4.289493506604778,4.655298048800268,3.1197729706772845,4.746749184349141,3.8493847846951006
20.0,25.0,22.5,groundspeed_mps,4,110,21.843709244017933,0.6931751929400708,22.001122309309203,21.02975692563454,21.670890873801266,22.17394067952587,22.43728327099355,20.86947343859286,22.50311891886047,21.847492319199674
20.0,25.0,22.5,p_radps,4,110,-0.001134143269926867,0.04086656007690015,-0.009701422063120514,-0.03704993013062365,-0.02410984031170797,0.01327427497866059,0.046775833901241,-0.04028495258535257,0.055151223631886126,-0.0035965640854555853
20.0,25.0,22.5,pilot_pitch_centered,4,110,0.0041041666666666666,0.003435542371866325,0.003239583333333333,0.001234375,0.0021718749999999998,0.005171875,0.008184374999999999,0.001,0.008937500000000001,0.004
20.0,25.0,22.5,pilot_roll_centered,4,110,0.020610321969696973,0.01262296500893028,0.025564393939393942,0.0054255681818181824,0.019627840909090914,0.026546875,0.028859374999999996,0.001875,0.0294375,0.020999999999999998
20.0,25.0,22.5,pilot_throttle_norm,4,110,0.011193418560606062,0.007502158125779959,0.014496212121212122,0.002086363636363637,0.010431818181818183,0.015257812499999999,0.0156765625,0.0,0.01578125,0.01125
20.0,25.0,22.5,pitch_deg,4,110,-5.493863969169783,1.7669441945464996,-5.887615593771139,-7.005985060808333,-6.27027654749426,-5.111203015446662,-3.430490603089333,-7.189912189136852,-3.0103124999999995,-5.5387044262886045
20.0,25.0,22.5,q_radps,4,110,0.010658446363625736,0.005480327258352234,0.011276384886211105,0.004535193606079692,0.009113914937643125,0.012820916312193715,0.015916585189552256,0.003390513273188834,0.016690502408891892,0.01322024332330325
20.0,25.0,22.5,roll_deg,4,110,-0.2846919088706967,0.2698692187273269,-0.34602712539278646,-0.5139484696127474,-0.46724234806373716,-0.163476686199746,0.030433955002279633,-0.525625,0.07891161530278619,-0.47933915245346725
20.0,25.0,22.5,sideslip_deg,4,110,0.8648467526901655,2.9790437749437837,1.1014922454593365,-2.3571328624423282,-0.9155510188817667,2.8818900170312687,3.7555226779458195,-2.7175283233324685,3.9739308431744576,1.0378058841452003
20.0,25.0,22.5,throttle_output,4,110,0.07315245363861322,0.06731247922644083,0.06157942116260528,0.011514578945934772,0.03652612213045359,0.09820575267076491,0.15099257379770276,0.005261693149805069,0.16418927907943726,0.0
25.0,30.0,27.5,airspeed_mps,4,104,23.525650291458398,0.6422369526037407,23.33769288565698,23.033432363852476,23.04800339234181,23.81533978477357,24.281008587186296,23.029789606730144,24.39742578778948,23.51847767829895
25.0,30.0,27.5,aoa_deg,4,104,3.823259925167882,0.8659634906715578,3.5317085933821155,3.1840303229907203,3.3201212608625017,4.034847257687495,4.870661391845116,3.150007588522775,5.079614925384521,3.730843484401703
25.0,30.0,27.5,descent_rate_mps,4,104,3.9020936055349096,0.4892544849212148,3.855487668616,3.425790882110417,3.7151462237040374,4.042435050446872,4.443644640645876,3.3534520467120115,4.543947038195627,3.9240562915878883
25.0,30.0,27.5,groundspeed_mps,4,104,21.26694522633231,0.5677797793638872,21.31528246592098,20.641696844274108,20.965719142793453,21.61650854945983,21.824521472966374,20.56069126964427,21.87652470384301,21.237537239483927
25.0,30.0,27.5,p_radps,4,104,-0.010066807298686281,0.013592212667717705,-0.014930245395980465,-0.019638943919054574,-0.019512472223372213,-0.005484580471294532,0.006314142657893868,-0.019670561842975165,0.009263823440190977,-0.011279767844825952
25.0,30.0,27.5,pilot_pitch_centered,4,104,0.0048621082621082634,0.0030140255953399835,0.003703703703703704,0.0028233333333333335,0.0031833333333333336,0.005382478632478633,0.008522649572649574,0.0027333333333333337,0.00930769230769231,0.005
25.0,30.0,27.5,pilot_roll_centered,4,104,0.020681664631664633,0.012743781811927047,0.025391534391534396,0.005315238095238097,0.019109523809523812,0.02696367521367522,0.029454273504273504,0.0018666666666666669,0.030076923076923077,0.020499999999999997
25.0,30.0,27.5,pilot_throttle_norm,4,104,0.011399155474155476,0.007621177782536065,0.014820105820105822,0.002135476190476191,0.010544047619047621,0.015675213675213677,0.015873504273504275,3.3333333333333335e-05,0.015923076923076925,0.0115
25.0,30.0,27.5,pitch_deg,4,104,-5.369794487021636,1.777914753564008,-5.494938389867799,-7.134285177503314,-6.014221214112782,-4.850511662776654,-3.430102332555332,-7.4143011683509465,-3.0750000000000006,-5.387425382137298
25.0,30.0,27.5,q_radps,4,104,-0.0047191458433782215,0.006902539171573441,-0.0041015531542376625,-0.012000107244977144,-0.009332755480215027,0.0005120564825991428,0.0016971857934239163,-0.012666945186167674,0.0019934681211301107,-0.002488030736969873
25.0,30.0,27.5,roll_deg,4,104,0.3367488468309996,1.3178864416657174,0.2362730813912856,-0.9658458835102893,-0.14948408338537925,0.7225060116076645,1.7800096487878874,-1.169936333541517,2.044385558082944,0.34472700878977774
25.0,30.0,27.5,sideslip_deg,4,104,0.4656527740576091,2.715513429071392,0.15202523090709477,-2.1590272334383593,-0.8790141015417046,1.4966921065064085,3.5294113419642965,-2.4790305164125233,4.03759115082877,0.5471817702054977
25.0,30.0,27.5,throttle_output,4,104,0.5362318041778746,0.7561185142054665,0.24420073486509777,0.03191253798348564,0.15956268991742817,0.6208698491255442,1.4493945674101507,0.0,1.6565257469813028,0.03270283341407775
30.0,35.0,32.5,airspeed_mps,4,172,23.668046309834804,0.9781984571751409,23.447309020071316,22.84697472093884,22.961368005283752,24.15398732462237,24.79815010439965,22.81837639985261,24.959190799343972,23.54328203201294
30.0,35.0,32.5,aoa_deg,4,172,3.2814359371431925,1.2331916798801155,3.063069153554512,2.1685061990830206,2.750390736133822,3.5941143545638834,4.700079172227518,2.0230350648203204,4.976570376643428,3.277983248233795
30.0,35.0,32.5,descent_rate_mps,4,172,2.5522040448286716,0.9100657613762333,2.4573635534808,1.7015714943795657,1.8898327073744379,3.1197348909350335,3.535613283164798,1.6545061911308476,3.6395828812222395,2.3470449447733586
30.0,35.0,32.5,groundspeed_mps,4,172,21.485747094672806,1.2604548034758336,21.37712015778936,20.25672944295906,20.673805701501095,22.189061550961075,22.86684245802338,20.15246037832355,23.03628768478896,21.794731761019012
30.0,35.0,32.5,p_radps,4,172,0.01229446874449432,0.006967533867975881,0.010247678744847022,0.006867367445818941,0.0074931243914869465,0.015049023097854396,0.020587076042675914,0.006710928209401939,0.0219715892788813,0.0029861975926905745
30.0,35.0,32.5,pilot_pitch_centered,4,172,0.006147947214076247,0.002917103587636739,0.00593225806451613,0.003443010752688173,0.003881720430107527,0.008198484848484849,0.009154848484848486,0.0033333333333333344,0.009393939393939395,0.006
30.0,35.0,32.5,pilot_roll_centered,4,172,0.013396500488758553,0.015866872255449107,0.013064516129032259,-0.0016040000000000015,0.0009399999999999994,0.025521016617790812,0.02886177908113392,-0.002240000000000002,0.029696969696969697,0.01975
30.0,35.0,32.5,pilot_throttle_norm,4,172,0.015293729227761487,0.012798874465880513,0.014947458455522974,0.0021024193548387104,0.01051209677419355,0.01972909090909091,0.02896981818181818,0.0,0.03128,0.0115
30.0,35.0,32.5,pitch_deg,4,172,-2.827734139359016,1.2270404458681374,-2.860740017425825,-3.9704882137944,-3.809620716475477,-1.878853440309364,-1.6387718356300989,-4.010705088124131,-1.5787514344602824,-2.5812941336631776
30.0,35.0,32.5,q_radps,4,172,-0.006941427128286857,0.025190345206101663,-0.009386984678553666,-0.02977906231697521,-0.026827051542879232,0.01049863973603871,0.019319988630775022,-0.0305170650104992,0.021525325854459106,0.0037223345134407247
30.0,35.0,32.5,roll_deg,4,172,-0.2064019548203182,1.8251167922904583,-0.2025387989850369,-2.0971448754294295,-1.3479732024515838,0.9390324486462287,1.678932547619399,-2.284437793673891,1.8639075723626921,-0.16295534729957584
30.0,35.0,32.5,sideslip_deg,4,172,0.0597087769097997,1.787400655972786,0.1420489851328911,-1.761169242054224,-1.209221671372652,1.410979433415343,1.7653105043614954,-1.899156134724617,1.8538932720980337,0.10878679156303406
30.0,35.0,32.5,throttle_output,4,172,2.520483034806051,4.714353345724662,0.2316530847549439,0.04774222160108162,0.12398874051643141,2.6281473790445635,8.197585778082567,0.02868059187224417,9.589945377842072,0.943524032831192
35.0,40.0,37.5,airspeed_mps,4,241,23.834011793575215,0.7427069015039266,23.965769998955004,22.983636827822085,23.4679916523121,24.331790140218118,24.499925271796645,22.86254812169958,24.541959054691276,23.80142593383789
35.0,40.0,37.5,aoa_deg,4,241,3.3330543916499127,1.331032874883132,3.762972721186551,1.729610402690458,3.051443615411744,4.0445834974247195,4.334612719258074,1.3991520995101363,4.407120024716413,3.4219288527965546
35.0,40.0,37.5,descent_rate_mps,4,241,2.166776404332588,1.2118148863240157,2.1322016068443124,1.045607243115774,1.1890166604183285,3.1099613507585713,3.3363502820329867,1.0097548887901353,3.3929475148515906,2.448956966396473
35.0,40.0,37.5,groundspeed_mps,4,241,21.849315011390566,1.4551212646579064,21.657694603587014,20.615056811591383,20.622964488012737,22.884045126964843,23.351841782114718,20.613079892486045,23.46879094590219,21.97622697594081
35.0,40.0,37.5,p_radps,4,241,0.001719071395980813,0.008235215213213663,-3.591416470677335e-05,-0.005476792864768666,-0.0024484359839332427,0.004131593215207283,0.011371915441692908,-0.006233882084977521,0.01318199599831432,0.0066096619702876
35.0,40.0,37.5,pilot_pitch_centered,4,241,0.005262714198109388,0.002712644267374791,0.004394564198687911,0.003211747486317933,0.003811823851342752,0.005845454545454547,0.00852909090909091,0.0030617283950617282,0.009200000000000003,0.00525
35.0,40.0,37.5,pilot_roll_centered,4,241,0.01999154373054717,0.012245183711916163,0.024441112152452357,0.005208540155275551,0.018240231640575283,0.026192424242424246,0.028545151515151516,0.0019506172839506176,0.029133333333333337,0.020499999999999997
35.0,40.0,37.5,pilot_throttle_norm,4,241,0.011153359771830565,0.007471323711693404,0.01441721337082162,0.002081112383861526,0.010356179203258244,0.01521439393939394,0.015656212121212123,1.234567901234568e-05,0.01576666666666667,0.01125
35.0,40.0,37.5,pitch_deg,4,241,-1.766806464594228,2.437062576166715,-1.8406430781655705,-4.260670905709267,-3.225274732708931,-0.3821748100508675,0.8304292355206897,-4.519519948959351,1.1335802469135798,-2.264505398273468
35.0,40.0,37.5,q_radps,4,241,0.012938679826996403,0.03497553932420431,0.022912437235012115,-0.028643114033082274,-0.0009144702156454534,0.03676558727765397,0.040557213315853075,-0.03557527498744148,0.04150511982540286,0.008785117766819877
35.0,40.0,37.5,roll_deg,4,241,-0.5668888164909883,2.163726556004924,-0.6726424372985574,-2.6841613444415007,-2.0934947295622393,0.8539634757726935,1.6984387805901204,-2.831827998161316,1.9095576067944777,-0.6397102630138396
35.0,40.0,37.5,sideslip_deg,4,241,-1.0277892160755941,3.201597379612884,0.20489910256784455,-4.922222590115179,-1.7463317731707373,0.9234416596629877,1.1408805118631762,-5.716195294351289,1.1952402249132235,-0.9422202631831169
35.0,40.0,37.5,throttle_output,4,241,8.653198237544755,16.146686693174093,0.8816462529893594,0.025464594364166263,0.1273229718208313,9.407521518713283,28.161104659102886,0.0,32.8495004442003,8.114189147949219
40.0,45.0,42.5,airspeed_mps,4,144,23.474719340227672,0.5161901283635352,23.383977192098442,23.005039338176534,23.16896435487068,23.689732177455433,24.071438349659733,22.964058084002996,24.16686489271081,23.517828702926636
40.0,45.0,42.5,aoa_deg,4,144,2.4506291485282685,0.7231404517867297,2.1983987040493798,1.9297568667311915,1.974927555077632,2.6741002975000163,3.3246240525957886,1.9184641946445813,3.487254991369732,2.416011154651642
40.0,45.0,42.5,descent_rate_mps,4,144,2.067331778306761,0.8030147035530061,2.242079994895871,1.1662082963069758,1.6040659597365847,2.7053458134660473,2.723807757081793,1.0567438804495735,2.7284232429857296,2.1659469604497303
40.0,45.0,42.5,groundspeed_mps,4,144,21.83598235528293,1.7888413403737196,21.641819759120338,20.238507839702905,20.4046847103574,23.07311740404587,23.705284505490592,20.19696362203928,23.863326280851773,21.785521674292376
40.0,45.0,42.5,p_radps,4,144,-0.02628957673707319,0.028028742571767365,-0.021464035127428345,-0.058383752905964745,-0.03293086330549239,-0.014822748559009141,-0.0009511588216844198,-0.06474697530608284,0.0025167386126467707,-0.021813669474795426
40.0,45.0,42.5,pilot_pitch_centered,4,144,0.005394452167213775,0.0025102529894832264,0.004859782608695653,0.00323427966101695,0.004374788135593221,0.005879446640316207,0.00830316205533597,0.0029491525423728823,0.008909090909090912,0.005
40.0,45.0,42.5,pilot_roll_centered,4,144,0.020145717491793398,0.012450013894127147,0.02472826086956522,0.005173305084745764,0.018815677966101695,0.026058300395256924,0.02870256916996048,0.0017627118644067798,0.02936363636363637,0.020499999999999997
40.0,45.0,42.5,pilot_throttle_norm,4,144,0.011335746047430833,0.007589731928778596,0.01473967391304348,0.00212625,0.010631249999999998,0.015444169960474312,0.015779743083003957,0.0,0.015863636363636368,0.01125
40.0,45.0,42.5,pitch_deg,4,144,-3.1544136775786935,3.097892308920622,-3.4504448321526464,-6.119090057408856,-5.274152814870766,-1.3307056948605736,0.22470631865500307,-6.330324368043379,0.6135593220338984,-3.1746526062488556
40.0,45.0,42.5,q_radps,4,144,-0.007347124649562264,0.011959928830070438,-0.0016347930220283826,-0.02177158024536322,-0.00775824561850107,-0.0012236720530895764,-0.0009199333323087387,-0.025274913902078762,-0.0008439986521135291,-0.003032350083230962
40.0,45.0,42.5,roll_deg,4,144,-0.6750709329140079,1.1301172919220803,-0.8931800257753242,-1.6449525562364409,-1.5236443319471125,-0.044606626742219546,0.6001634204142676,-1.675279612308773,0.7613559322033898,-0.8261260351538658
40.0,45.0,42.5,sideslip_deg,4,144,-1.9685289145446878,4.041733302755077,-1.3806321848499574,-6.591743788971849,-3.5456391440461514,0.1964780446515062,1.8316305383098501,-7.3532699502032735,2.2404186617244375,-1.8789995834231377
40.0,45.0,42.5,throttle_output,4,144,5.81606896373175,6.805241829979416,5.142708331346512,0.0,0.0,10.958777295078262,12.574842812802832,0.0,12.978859192233974,5.085518956184387
